State,District,Female population age 6 years and above who ever attended school (%),"Sex ratio at birth for children born in the last five years (females per 1,000 males)",Women with 10 or more years of schooling (%),Births in the 5 years preceding the survey that are third or higher order (%),Any method6 (%),Any modern method6 (%),Female sterilization (%),Male sterilization (%),Condom (%),Health worker ever talked to female non-users about family planning (%),Current users ever told about side effects of current method8 (%),Registered pregnancies for which the mother received a Mother and Child Protection (MCP) card (%),Mothers who received postnatal care from a doctor/nurse/LHV/ANM/midwife/other health personnel within 2 days of delivery (%),Institutional births (%),Children under 5 years who are stunted (height-for-age)18 (%),Children under 5 years who are wasted (weight-for-height)18 (%),Children under 5 years who are underweight (weight-for-age)18 (%),Children under 5 years who are overweight (weight-for-height)20 (%),2010-11 GDP (in Rs. Cr.),2010-11 Growth Rate % (YoY)
Andaman Nicobar Islands,Nicobar,,,,,,,,,,,,,,,,,,,,
Andaman Nicobar Islands,North  & Middle Andaman,,,,,,,,,,,,,,,,,,,,
Andaman Nicobar Islands,South Andaman,,,,,,,,,,,,,,,,,,,,
Andhra Pradesh,Anantapur,,,,,,,,,,,,,,,,,,,,
Andhra Pradesh,Chittoor,,,,,,,,,,,,,,,,,,,,
Andhra Pradesh,East Godavari,,,,,,,,,,,,,,,,,,,,
Andhra Pradesh,Guntur,,,,,,,,,,,,,,,,,,,,
Andhra Pradesh,Krishna,,,,,,,,,,,,,,,,,,,,
Andhra Pradesh,Kurnool,,,,,,,,,,,,,,,,,,,,
Andhra Pradesh,Prakasam,,,,,,,,,,,,,,,,,,,,
Andhra Pradesh,Sri Potti Sriramulu Nellore,,,,,,,,,,,,,,,,,,,,
Andhra Pradesh,Srikakulam,,,,,,,,,,,,,,,,,,,,
Andhra Pradesh,Visakhapatnam,,,,,,,,,,,,,,,,,,,,
Andhra Pradesh,Vizianagaram,,,,,,,,,,,,,,,,,,,,
Andhra Pradesh,West Godavari,,,,,,,,,,,,,,,,,,,,
Andhra Pradesh,Y.S.R.,,,,,,,,,,,,,,,,,,,,
Arunachal Pradesh,Anjaw,,,,,,,,,,,,,,,,,,,,
Arunachal Pradesh,Changlang,,,,,,,,,,,,,,,,,,,,
Arunachal Pradesh,Dibang Valley,,,,,,,,,,,,,,,,,,,,
Arunachal Pradesh,East Kameng,,,,,,,,,,,,,,,,,,,,
Arunachal Pradesh,East Siang,,,,,,,,,,,,,,,,,,,,
Arunachal Pradesh,Kra Daadi,,,,,,,,,,,,,,,,,,,,
Arunachal Pradesh,Kurung Kumey,,,,,,,,,,,,,,,,,,,,
Arunachal Pradesh,Lohit,,,,,,,,,,,,,,,,,,,,
Arunachal Pradesh,Longding,,,,,,,,,,,,,,,,,,,,
Arunachal Pradesh,Lower Dibang Valley,,,,,,,,,,,,,,,,,,,,
Arunachal Pradesh,Lower Subansiri,,,,,,,,,,,,,,,,,,,,
Arunachal Pradesh,Namsai,,,,,,,,,,,,,,,,,,,,
Arunachal Pradesh,Papum Pare,,,,,,,,,,,,,,,,,,,,
Arunachal Pradesh,Siang,,,,,,,,,,,,,,,,,,,,
Arunachal Pradesh,Tawang,,,,,,,,,,,,,,,,,,,,
Arunachal Pradesh,Tirap,,,,,,,,,,,,,,,,,,,,
Arunachal Pradesh,Upper Siang,,,,,,,,,,,,,,,,,,,,
Arunachal Pradesh,Upper Subansiri,,,,,,,,,,,,,,,,,,,,
Arunachal Pradesh,West Kameng,,,,,,,,,,,,,,,,,,,,
Arunachal Pradesh,West Siang,,,,,,,,,,,,,,,,,,,,
Assam,Baksa,,,,,,,,,,,,,,,,,,,,
Assam,Barpeta,,,,,,,,,,,,,,,,,,,,
Assam,Biswanath,,,,,,,,,,,,,,,,,,,,
Assam,Bongaigaon,,,,,,,,,,,,,,,,,,,,
Assam,Cachar,,,,,,,,,,,,,,,,,,,,
Assam,Charaideo,,,,,,,,,,,,,,,,,,,,
Assam,Chirang,,,,,,,,,,,,,,,,,,,,
Assam,Darrang,,,,,,,,,,,,,,,,,,,,
Assam,Dhemaji,,,,,,,,,,,,,,,,,,,,
Assam,Dhubri,,,,,,,,,,,,,,,,,,,,
Assam,Dibrugarh,,,,,,,,,,,,,,,,,,,,
Assam,Dima Hasao,,,,,,,,,,,,,,,,,,,,
Assam,Goalpara,,,,,,,,,,,,,,,,,,,,
Assam,Golaghat,,,,,,,,,,,,,,,,,,,,
Assam,Hailakandi,,,,,,,,,,,,,,,,,,,,
Assam,Hojai,,,,,,,,,,,,,,,,,,,,
Assam,Jorhat,,,,,,,,,,,,,,,,,,,,
Assam,Kamrup Metropolitan,,,,,,,,,,,,,,,,,,,,
Assam,Kamrup,,,,,,,,,,,,,,,,,,,,
Assam,Karbi Anglong,,,,,,,,,,,,,,,,,,,,
Assam,Karimganj,,,,,,,,,,,,,,,,,,,,
Assam,Kokrajhar,,,,,,,,,,,,,,,,,,,,
Assam,Lakhimpur,,,,,,,,,,,,,,,,,,,,
Assam,Majuli,,,,,,,,,,,,,,,,,,,,
Assam,Morigaon,,,,,,,,,,,,,,,,,,,,
Assam,Nagaon,,,,,,,,,,,,,,,,,,,,
Assam,Nalbari,,,,,,,,,,,,,,,,,,,,
Assam,Sivasagar,,,,,,,,,,,,,,,,,,,,
Assam,Sonitpur,,,,,,,,,,,,,,,,,,,,
Assam,South Salmara Mancachar,,,,,,,,,,,,,,,,,,,,
Assam,Tinsukia,,,,,,,,,,,,,,,,,,,,
Assam,Udalguri,,,,,,,,,,,,,,,,,,,,
Assam,West Karbi Anglong,,,,,,,,,,,,,,,,,,,,
Bihar,Araria,,,,,,,,,,,,,,,,,,,,
Bihar,Arwal,,,,,,,,,,,,,,,,,,,,
Bihar,Aurangabad,,,,,,,,,,,,,,,,,,,,
Bihar,Banka,,,,,,,,,,,,,,,,,,,,
Bihar,Begusarai,,,,,,,,,,,,,,,,,,,,
Bihar,Bhagalpur,,,,,,,,,,,,,,,,,,,,
Bihar,Bhojpur,,,,,,,,,,,,,,,,,,,,
Bihar,Buxer,,,,,,,,,,,,,,,,,,,,
Bihar,Darbhanga,,,,,,,,,,,,,,,,,,,,
Bihar,Gaya,,,,,,,,,,,,,,,,,,,,
Bihar,Gopalganj,,,,,,,,,,,,,,,,,,,,
Bihar,Jamui,,,,,,,,,,,,,,,,,,,,
Bihar,Jehanabad,,,,,,,,,,,,,,,,,,,,
Bihar,Kaimur (Bhabua),,,,,,,,,,,,,,,,,,,,
Bihar,Katihar,,,,,,,,,,,,,,,,,,,,
Bihar,Khagaria,,,,,,,,,,,,,,,,,,,,
Bihar,Kishanganj,,,,,,,,,,,,,,,,,,,,
Bihar,Lakhisarai,,,,,,,,,,,,,,,,,,,,
Bihar,Madhepura,,,,,,,,,,,,,,,,,,,,
Bihar,Madhubani,,,,,,,,,,,,,,,,,,,,
Bihar,Munger,,,,,,,,,,,,,,,,,,,,
Bihar,Muzaffarpur,,,,,,,,,,,,,,,,,,,,
Bihar,Nalanda,,,,,,,,,,,,,,,,,,,,
Bihar,Nawada,,,,,,,,,,,,,,,,,,,,
Bihar,Pashchim Champaran,,,,,,,,,,,,,,,,,,,,
Bihar,Patna,,,,,,,,,,,,,,,,,,,,
Bihar,Purba Champaran,,,,,,,,,,,,,,,,,,,,
Bihar,Purnia,,,,,,,,,,,,,,,,,,,,
Bihar,Rohtas,,,,,,,,,,,,,,,,,,,,
Bihar,Saharsa,,,,,,,,,,,,,,,,,,,,
Bihar,Samastipur,,,,,,,,,,,,,,,,,,,,
Bihar,Saran,,,,,,,,,,,,,,,,,,,,
Bihar,Sheikhpura,,,,,,,,,,,,,,,,,,,,
Bihar,Sheohar,,,,,,,,,,,,,,,,,,,,
Bihar,Sitamarhi,,,,,,,,,,,,,,,,,,,,
Bihar,Siwan,,,,,,,,,,,,,,,,,,,,
Bihar,Supaul,,,,,,,,,,,,,,,,,,,,
Bihar,Vaishali,,,,,,,,,,,,,,,,,,,,
Chhattisgarh,Balod,,,,,,,,,,,,,,,,,,,,
Chhattisgarh,Baloda Bazar,,,,,,,,,,,,,,,,,,,,
Chhattisgarh,Balrampur,,,,,,,,,,,,,,,,,,,,
Chhattisgarh,Bastar,,,,,,,,,,,,,,,,,,,,
Chhattisgarh,Bemetara,,,,,,,,,,,,,,,,,,,,
Chhattisgarh,Bijapur,,,,,,,,,,,,,,,,,,,,
Chhattisgarh,Bilaspur,,,,,,,,,,,,,,,,,,,,
Chhattisgarh,Dantewada,,,,,,,,,,,,,,,,,,,,
Chhattisgarh,Dhamtari,,,,,,,,,,,,,,,,,,,,
Chhattisgarh,Durg,,,,,,,,,,,,,,,,,,,,
Chhattisgarh,Gariyaband,,,,,,,,,,,,,,,,,,,,
Chhattisgarh,Janjgir - Champa,,,,,,,,,,,,,,,,,,,,
Chhattisgarh,Jashpur,,,,,,,,,,,,,,,,,,,,
Chhattisgarh,Kabeerdham,,,,,,,,,,,,,,,,,,,,
Chhattisgarh,Kodagaon,,,,,,,,,,,,,,,,,,,,
Chhattisgarh,Korba,,,,,,,,,,,,,,,,,,,,
Chhattisgarh,Koriya,,,,,,,,,,,,,,,,,,,,
Chhattisgarh,Mahasamund,,,,,,,,,,,,,,,,,,,,
Chhattisgarh,Mungeli,,,,,,,,,,,,,,,,,,,,
Chhattisgarh,Narayanpur,,,,,,,,,,,,,,,,,,,,
Chhattisgarh,Raigarh,,,,,,,,,,,,,,,,,,,,
Chhattisgarh,Raipur,,,,,,,,,,,,,,,,,,,,
Chhattisgarh,Rajnandgaon,,,,,,,,,,,,,,,,,,,,
Chhattisgarh,Sukma,,,,,,,,,,,,,,,,,,,,
Chhattisgarh,Surajpur,,,,,,,,,,,,,,,,,,,,
Chhattisgarh,Surguja,,,,,,,,,,,,,,,,,,,,
Chhattisgarh,Uttar Bastar Kanker,,,,,,,,,,,,,,,,,,,,
Dadra Nagar Haveli Daman Diu,Dadra & Nagar Haveli,,,,,,,,,,,,,,,,,,,,
Dadra Nagar Haveli Daman Diu,Daman,,,,,,,,,,,,,,,,,,,,
Dadra Nagar Haveli Daman Diu,Diu,,,,,,,,,,,,,,,,,,,,
Goa,North Goa,,,,,,,,,,,,,,,,,,,,
Goa,South Goa,,,,,,,,,,,,,,,,,,,,
Gujarat,Ahmedabad,,,,,,,,,,,,,,,,,,,,
Gujarat,Amreli,,,,,,,,,,,,,,,,,,,,
Gujarat,Anand,,,,,,,,,,,,,,,,,,,,
Gujarat,Aravali,,,,,,,,,,,,,,,,,,,,
Gujarat,Banaskantha,,,,,,,,,,,,,,,,,,,,
Gujarat,Bharuch,,,,,,,,,,,,,,,,,,,,
Gujarat,Bhavnagar,,,,,,,,,,,,,,,,,,,,
Gujarat,Botad,,,,,,,,,,,,,,,,,,,,
Gujarat,Chhota Udaipur,,,,,,,,,,,,,,,,,,,,
Gujarat,Dahod,,,,,,,,,,,,,,,,,,,,
Gujarat,Devbhumi Dwarka,,,,,,,,,,,,,,,,,,,,
Gujarat,Gandhinagar,,,,,,,,,,,,,,,,,,,,
Gujarat,Gir Somnath,,,,,,,,,,,,,,,,,,,,
Gujarat,Jamnagar,,,,,,,,,,,,,,,,,,,,
Gujarat,Junagadh,,,,,,,,,,,,,,,,,,,,
Gujarat,Kachchh,,,,,,,,,,,,,,,,,,,,
Gujarat,Kheda,,,,,,,,,,,,,,,,,,,,
Gujarat,Mahesana,,,,,,,,,,,,,,,,,,,,
Gujarat,Mahisagar,,,,,,,,,,,,,,,,,,,,
Gujarat,Morbi,,,,,,,,,,,,,,,,,,,,
Gujarat,Narmada,,,,,,,,,,,,,,,,,,,,
Gujarat,Navsari,,,,,,,,,,,,,,,,,,,,
Gujarat,Panchmahal,,,,,,,,,,,,,,,,,,,,
Gujarat,Patan,,,,,,,,,,,,,,,,,,,,
Gujarat,Porbandar,,,,,,,,,,,,,,,,,,,,
Gujarat,Rajkot,,,,,,,,,,,,,,,,,,,,
Gujarat,Sabarkantha,,,,,,,,,,,,,,,,,,,,
Gujarat,Surat,,,,,,,,,,,,,,,,,,,,
Gujarat,Surendranagar,,,,,,,,,,,,,,,,,,,,
Gujarat,Tapi,,,,,,,,,,,,,,,,,,,,
Gujarat,The Dangs,,,,,,,,,,,,,,,,,,,,
Gujarat,Vadodara,,,,,,,,,,,,,,,,,,,,
Gujarat,Valsad,,,,,,,,,,,,,,,,,,,,
Haryana,Ambala,,,,,,,,,,,,,,,,,,,,
Haryana,Bhiwani,,,,,,,,,,,,,,,,,,,,
Haryana,Charkhi Dadri,,,,,,,,,,,,,,,,,,,,
Haryana,Faridabad,,,,,,,,,,,,,,,,,,,,
Haryana,Fatehabad,,,,,,,,,,,,,,,,,,,,
Haryana,Gurgaon,,,,,,,,,,,,,,,,,,,,
Haryana,Hisar,,,,,,,,,,,,,,,,,,,,
Haryana,Jhajjar,,,,,,,,,,,,,,,,,,,,
Haryana,Jind,,,,,,,,,,,,,,,,,,,,
Haryana,Kaithal,,,,,,,,,,,,,,,,,,,,
Haryana,Karnal,,,,,,,,,,,,,,,,,,,,
Haryana,Kurukshetra,,,,,,,,,,,,,,,,,,,,
Haryana,Mahendragarh,,,,,,,,,,,,,,,,,,,,
Haryana,Mewat,,,,,,,,,,,,,,,,,,,,
Haryana,Palwal,,,,,,,,,,,,,,,,,,,,
Haryana,Panchkula,,,,,,,,,,,,,,,,,,,,
Haryana,Panipat,,,,,,,,,,,,,,,,,,,,
Haryana,Rewari,,,,,,,,,,,,,,,,,,,,
Haryana,Rohtak,,,,,,,,,,,,,,,,,,,,
Haryana,Sirsa,,,,,,,,,,,,,,,,,,,,
Haryana,Sonipat,,,,,,,,,,,,,,,,,,,,
Haryana,Yamunanagar,,,,,,,,,,,,,,,,,,,,
Jammu Kashmir,Anantnag,,,,,,,,,,,,,,,,,,,,
Jammu Kashmir,Badgam,,,,,,,,,,,,,,,,,,,,
Jammu Kashmir,Bandipore,,,,,,,,,,,,,,,,,,,,
Jammu Kashmir,Baramula,,,,,,,,,,,,,,,,,,,,
Jammu Kashmir,Doda,,,,,,,,,,,,,,,,,,,,
Jammu Kashmir,Ganderbal,,,,,,,,,,,,,,,,,,,,
Jammu Kashmir,Jammu,,,,,,,,,,,,,,,,,,,,
Jammu Kashmir,Kathua,,,,,,,,,,,,,,,,,,,,
Jammu Kashmir,Kishtwar,,,,,,,,,,,,,,,,,,,,
Jammu Kashmir,Kulgam,,,,,,,,,,,,,,,,,,,,
Jammu Kashmir,Kupwara,,,,,,,,,,,,,,,,,,,,
Jammu Kashmir,Pulwama,,,,,,,,,,,,,,,,,,,,
Jammu Kashmir,Punch,,,,,,,,,,,,,,,,,,,,
Jammu Kashmir,Rajouri,,,,,,,,,,,,,,,,,,,,
Jammu Kashmir,Ramban,,,,,,,,,,,,,,,,,,,,
Jammu Kashmir,Reasi,,,,,,,,,,,,,,,,,,,,
Jammu Kashmir,Samba,,,,,,,,,,,,,,,,,,,,
Jammu Kashmir,Shupiyan,,,,,,,,,,,,,,,,,,,,
Jammu Kashmir,Srinagar,,,,,,,,,,,,,,,,,,,,
Jammu Kashmir,Udhampur,,,,,,,,,,,,,,,,,,,,
Jharkhand,Bokaro,,,,,,,,,,,,,,,,,,,,
Jharkhand,Chatra,,,,,,,,,,,,,,,,,,,,
Jharkhand,Deoghar,,,,,,,,,,,,,,,,,,,,
Jharkhand,Dhanbad,,,,,,,,,,,,,,,,,,,,
Jharkhand,Dumka,,,,,,,,,,,,,,,,,,,,
Jharkhand,Garhwa,,,,,,,,,,,,,,,,,,,,
Jharkhand,Giridih,,,,,,,,,,,,,,,,,,,,
Jharkhand,Godda,,,,,,,,,,,,,,,,,,,,
Jharkhand,Gumla,,,,,,,,,,,,,,,,,,,,
Jharkhand,Hazaribagh,,,,,,,,,,,,,,,,,,,,
Jharkhand,Jamtara,,,,,,,,,,,,,,,,,,,,
Jharkhand,Khunti,,,,,,,,,,,,,,,,,,,,
Jharkhand,Kodarma,,,,,,,,,,,,,,,,,,,,
Jharkhand,Latehar,,,,,,,,,,,,,,,,,,,,
Jharkhand,Lohardaga,,,,,,,,,,,,,,,,,,,,
Jharkhand,Pakur,,,,,,,,,,,,,,,,,,,,
Jharkhand,Palamu,,,,,,,,,,,,,,,,,,,,
Jharkhand,Pashchimi Singhbhum,,,,,,,,,,,,,,,,,,,,
Jharkhand,Purbi Singhbhum,,,,,,,,,,,,,,,,,,,,
Jharkhand,Ramgarh,,,,,,,,,,,,,,,,,,,,
Jharkhand,Ranchi,,,,,,,,,,,,,,,,,,,,
Jharkhand,Sahibganj,,,,,,,,,,,,,,,,,,,,
Jharkhand,Saraikela-Kharsawan,,,,,,,,,,,,,,,,,,,,
Jharkhand,Simdega,,,,,,,,,,,,,,,,,,,,
Karnataka,Bagalkot,,,,,,,,,,,,,,,,,,,,
Karnataka,Bangalore Rural,,,,,,,,,,,,,,,,,,,,
Karnataka,Bangalore,,,,,,,,,,,,,,,,,,,,
Karnataka,Belgaum,,,,,,,,,,,,,,,,,,,,
Karnataka,Bellary,,,,,,,,,,,,,,,,,,,,
Karnataka,Bidar,,,,,,,,,,,,,,,,,,,,
Karnataka,Bijapur,,,,,,,,,,,,,,,,,,,,
Karnataka,Chamarajanagar,,,,,,,,,,,,,,,,,,,,
Karnataka,Chikkaballapura,,,,,,,,,,,,,,,,,,,,
Karnataka,Chikmagalur,,,,,,,,,,,,,,,,,,,,
Karnataka,Chitradurga,,,,,,,,,,,,,,,,,,,,
Karnataka,Dakshina Kannada,,,,,,,,,,,,,,,,,,,,
Karnataka,Davanagere,,,,,,,,,,,,,,,,,,,,
Karnataka,Dharwad,,,,,,,,,,,,,,,,,,,,
Karnataka,Gadag,,,,,,,,,,,,,,,,,,,,
Karnataka,Gulbarga,,,,,,,,,,,,,,,,,,,,
Karnataka,Hassan,,,,,,,,,,,,,,,,,,,,
Karnataka,Haveri,,,,,,,,,,,,,,,,,,,,
Karnataka,Kodagu,,,,,,,,,,,,,,,,,,,,
Karnataka,Kolar,,,,,,,,,,,,,,,,,,,,
Karnataka,Koppal,,,,,,,,,,,,,,,,,,,,
Karnataka,Mandya,,,,,,,,,,,,,,,,,,,,
Karnataka,Mysore,,,,,,,,,,,,,,,,,,,,
Karnataka,Raichur,,,,,,,,,,,,,,,,,,,,
Karnataka,Ramanagara,,,,,,,,,,,,,,,,,,,,
Karnataka,Shimoga,,,,,,,,,,,,,,,,,,,,
Karnataka,Tumkur,,,,,,,,,,,,,,,,,,,,
Karnataka,Udupi,,,,,,,,,,,,,,,,,,,,
Karnataka,Uttara Kannada,,,,,,,,,,,,,,,,,,,,
Karnataka,Yadgir,,,,,,,,,,,,,,,,,,,,
Kerala,Alappuzha,,,,,,,,,,,,,,,,,,,,
Kerala,Ernakulam,,,,,,,,,,,,,,,,,,,,
Kerala,Idukki,,,,,,,,,,,,,,,,,,,,
Kerala,Kannur,,,,,,,,,,,,,,,,,,,,
Kerala,Kasaragod,,,,,,,,,,,,,,,,,,,,
Kerala,Kollam,,,,,,,,,,,,,,,,,,,,
Kerala,Kottayam,,,,,,,,,,,,,,,,,,,,
Kerala,Kozhikode,,,,,,,,,,,,,,,,,,,,
Kerala,Malappuram,,,,,,,,,,,,,,,,,,,,
Kerala,Palakkad,,,,,,,,,,,,,,,,,,,,
Kerala,Pathanamthitta,,,,,,,,,,,,,,,,,,,,
Kerala,Thiruvananthapuram,,,,,,,,,,,,,,,,,,,,
Kerala,Thrissur,,,,,,,,,,,,,,,,,,,,
Kerala,Wayanad,,,,,,,,,,,,,,,,,,,,
Ladakh,Kargil,,,,,,,,,,,,,,,,,,,,
Ladakh,Leh(Ladakh),,,,,,,,,,,,,,,,,,,,
Maharashtra,Ahmadnagar,,,,,,,,,,,,,,,,,,,,
Maharashtra,Akola,,,,,,,,,,,,,,,,,,,,
Maharashtra,Amravati,,,,,,,,,,,,,,,,,,,,
Maharashtra,Aurangabad,,,,,,,,,,,,,,,,,,,,
Maharashtra,Bhandara,,,,,,,,,,,,,,,,,,,,
Maharashtra,Bid,,,,,,,,,,,,,,,,,,,,
Maharashtra,Buldana,,,,,,,,,,,,,,,,,,,,
Maharashtra,Chandrapur,,,,,,,,,,,,,,,,,,,,
Maharashtra,Dhule,,,,,,,,,,,,,,,,,,,,
Maharashtra,Gadchiroli,,,,,,,,,,,,,,,,,,,,
Maharashtra,Gondiya,,,,,,,,,,,,,,,,,,,,
Maharashtra,Hingoli,,,,,,,,,,,,,,,,,,,,
Maharashtra,Jalgaon,,,,,,,,,,,,,,,,,,,,
Maharashtra,Jalna,,,,,,,,,,,,,,,,,,,,
Maharashtra,Kolhapur,,,,,,,,,,,,,,,,,,,,
Maharashtra,Latur,,,,,,,,,,,,,,,,,,,,
Maharashtra,Mumbai Suburban,,,,,,,,,,,,,,,,,,,,
Maharashtra,Mumbai,,,,,,,,,,,,,,,,,,,,
Maharashtra,Nagpur,,,,,,,,,,,,,,,,,,,,
Maharashtra,Nanded,,,,,,,,,,,,,,,,,,,,
Maharashtra,Nandurbar,,,,,,,,,,,,,,,,,,,,
Maharashtra,Nashik,,,,,,,,,,,,,,,,,,,,
Maharashtra,Osmanabad,,,,,,,,,,,,,,,,,,,,
Maharashtra,Palghar,,,,,,,,,,,,,,,,,,,,
Maharashtra,Parbhani,,,,,,,,,,,,,,,,,,,,
Maharashtra,Pune,,,,,,,,,,,,,,,,,,,,
Maharashtra,Raigarh,,,,,,,,,,,,,,,,,,,,
Maharashtra,Ratnagiri,,,,,,,,,,,,,,,,,,,,
Maharashtra,Sangli,,,,,,,,,,,,,,,,,,,,
Maharashtra,Satara,,,,,,,,,,,,,,,,,,,,
Maharashtra,Sindhudurg,,,,,,,,,,,,,,,,,,,,
Maharashtra,Solapur,,,,,,,,,,,,,,,,,,,,
Maharashtra,Thane,,,,,,,,,,,,,,,,,,,,
Maharashtra,Wardha,,,,,,,,,,,,,,,,,,,,
Maharashtra,Washim,,,,,,,,,,,,,,,,,,,,
Maharashtra,Yavatmal,,,,,,,,,,,,,,,,,,,,
Manipur,Bishnupur,,,,,,,,,,,,,,,,,,,,
Manipur,Chandel,,,,,,,,,,,,,,,,,,,,
Manipur,Churachandpur,,,,,,,,,,,,,,,,,,,,
Manipur,Imphal East,,,,,,,,,,,,,,,,,,,,
Manipur,Imphal West,,,,,,,,,,,,,,,,,,,,
Manipur,Senapati,,,,,,,,,,,,,,,,,,,,
Manipur,Tamenglong,,,,,,,,,,,,,,,,,,,,
Manipur,Thoubal,,,,,,,,,,,,,,,,,,,,
Manipur,Ukhrul,,,,,,,,,,,,,,,,,,,,
Meghalaya,East Garo Hills,,,,,,,,,,,,,,,,,,,,
Meghalaya,East Jantia Hills,,,,,,,,,,,,,,,,,,,,
Meghalaya,East Khasi Hills,,,,,,,,,,,,,,,,,,,,
Meghalaya,North Garo Hills,,,,,,,,,,,,,,,,,,,,
Meghalaya,Ribhoi,,,,,,,,,,,,,,,,,,,,
Meghalaya,South Garo Hills,,,,,,,,,,,,,,,,,,,,
Meghalaya,South West Garo Hills,,,,,,,,,,,,,,,,,,,,
Meghalaya,South West Khasi Hills,,,,,,,,,,,,,,,,,,,,
Meghalaya,West Garo Hills,,,,,,,,,,,,,,,,,,,,
Meghalaya,West Jaintia Hills,,,,,,,,,,,,,,,,,,,,
Meghalaya,West Khasi Hills,,,,,,,,,,,,,,,,,,,,
Mizoram,Aizawl,,,,,,,,,,,,,,,,,,,,
Mizoram,Champhai,,,,,,,,,,,,,,,,,,,,
Mizoram,Kolasib,,,,,,,,,,,,,,,,,,,,
Mizoram,Lawngtlai,,,,,,,,,,,,,,,,,,,,
Mizoram,Lunglei,,,,,,,,,,,,,,,,,,,,
Mizoram,Mamit,,,,,,,,,,,,,,,,,,,,
Mizoram,Saiha,,,,,,,,,,,,,,,,,,,,
Mizoram,Serchhip,,,,,,,,,,,,,,,,,,,,
Nagaland,Dimapur,,,,,,,,,,,,,,,,,,,,
Nagaland,Kiphire,,,,,,,,,,,,,,,,,,,,
Nagaland,Kohima,,,,,,,,,,,,,,,,,,,,
Nagaland,Longleng,,,,,,,,,,,,,,,,,,,,
Nagaland,Mokokchung,,,,,,,,,,,,,,,,,,,,
Nagaland,Mon,,,,,,,,,,,,,,,,,,,,
Nagaland,Peren,,,,,,,,,,,,,,,,,,,,
Nagaland,Phek,,,,,,,,,,,,,,,,,,,,
Nagaland,Tuensang,,,,,,,,,,,,,,,,,,,,
Nagaland,Wokha,,,,,,,,,,,,,,,,,,,,
Nagaland,Zunheboto,,,,,,,,,,,,,,,,,,,,
Odisha,Anugul,,,,,,,,,,,,,,,,,,,,
Odisha,Balangir,,,,,,,,,,,,,,,,,,,,
Odisha,Baleshwar,,,,,,,,,,,,,,,,,,,,
Odisha,Bargarh,,,,,,,,,,,,,,,,,,,,
Odisha,Baudh,,,,,,,,,,,,,,,,,,,,
Odisha,Bhadrak,,,,,,,,,,,,,,,,,,,,
Odisha,Cuttack,,,,,,,,,,,,,,,,,,,,
Odisha,Debagarh,,,,,,,,,,,,,,,,,,,,
Odisha,Dhenkanal,,,,,,,,,,,,,,,,,,,,
Odisha,Gajapati,,,,,,,,,,,,,,,,,,,,
Odisha,Ganjam,,,,,,,,,,,,,,,,,,,,
Odisha,Jagatsinghapur,,,,,,,,,,,,,,,,,,,,
Odisha,Jajapur,,,,,,,,,,,,,,,,,,,,
Odisha,Jharsuguda,,,,,,,,,,,,,,,,,,,,
Odisha,Kalahandi,,,,,,,,,,,,,,,,,,,,
Odisha,Kandhamal,,,,,,,,,,,,,,,,,,,,
Odisha,Kendrapara,,,,,,,,,,,,,,,,,,,,
Odisha,Kendujhar,,,,,,,,,,,,,,,,,,,,
Odisha,Khordha,,,,,,,,,,,,,,,,,,,,
Odisha,Koraput,,,,,,,,,,,,,,,,,,,,
Odisha,Malkangiri,,,,,,,,,,,,,,,,,,,,
Odisha,Mayurbhanj,,,,,,,,,,,,,,,,,,,,
Odisha,Nabarangapur,,,,,,,,,,,,,,,,,,,,
Odisha,Nayagarh,,,,,,,,,,,,,,,,,,,,
Odisha,Nuapada,,,,,,,,,,,,,,,,,,,,
Odisha,Puri,,,,,,,,,,,,,,,,,,,,
Odisha,Rayagada,,,,,,,,,,,,,,,,,,,,
Odisha,Sambalpur,,,,,,,,,,,,,,,,,,,,
Odisha,Subarnapur,,,,,,,,,,,,,,,,,,,,
Odisha,Sundargarh,,,,,,,,,,,,,,,,,,,,
Puducherry,Karaikal,,,,,,,,,,,,,,,,,,,,
Puducherry,Mahe,,,,,,,,,,,,,,,,,,,,
Puducherry,Puducherry,,,,,,,,,,,,,,,,,,,,
Puducherry,Yanam,,,,,,,,,,,,,,,,,,,,
Punjab,Amritsar,,,,,,,,,,,,,,,,,,,,
Punjab,Barnala,,,,,,,,,,,,,,,,,,,,
Punjab,Bathinda,,,,,,,,,,,,,,,,,,,,
Punjab,Faridkot,,,,,,,,,,,,,,,,,,,,
Punjab,Fatehgarh Sahib,,,,,,,,,,,,,,,,,,,,
Punjab,Fazilka,,,,,,,,,,,,,,,,,,,,
Punjab,Firozpur,,,,,,,,,,,,,,,,,,,,
Punjab,Gurdaspur,,,,,,,,,,,,,,,,,,,,
Punjab,Hoshiarpur,,,,,,,,,,,,,,,,,,,,
Punjab,Jalandhar,,,,,,,,,,,,,,,,,,,,
Punjab,Kapurthala,,,,,,,,,,,,,,,,,,,,
Punjab,Ludhiana,,,,,,,,,,,,,,,,,,,,
Punjab,Mansa,,,,,,,,,,,,,,,,,,,,
Punjab,Moga,,,,,,,,,,,,,,,,,,,,
Punjab,Muktsar,,,,,,,,,,,,,,,,,,,,
Punjab,Pathankot,,,,,,,,,,,,,,,,,,,,
Punjab,Patiala,,,,,,,,,,,,,,,,,,,,
Punjab,Rupnagar,,,,,,,,,,,,,,,,,,,,
Punjab,Sahibzada Ajit Singh Nagar,,,,,,,,,,,,,,,,,,,,
Punjab,Sangrur,,,,,,,,,,,,,,,,,,,,
Punjab,Shahid Bhagat Singh Nagar,,,,,,,,,,,,,,,,,,,,
Punjab,Tarn Taran,,,,,,,,,,,,,,,,,,,,
Sikkim,East District,,,,,,,,,,,,,,,,,,,,
Sikkim,North  District,,,,,,,,,,,,,,,,,,,,
Sikkim,South District,,,,,,,,,,,,,,,,,,,,
Sikkim,West District,,,,,,,,,,,,,,,,,,,,
Tamil Nadu,Ariyalur,,,,,,,,,,,,,,,,,,,,
Tamil Nadu,Chennai,,,,,,,,,,,,,,,,,,,,
Tamil Nadu,Coimbatore,,,,,,,,,,,,,,,,,,,,
Tamil Nadu,Cuddalore,,,,,,,,,,,,,,,,,,,,
Tamil Nadu,Dharmapuri,,,,,,,,,,,,,,,,,,,,
Tamil Nadu,Dindigul,,,,,,,,,,,,,,,,,,,,
Tamil Nadu,Erode,,,,,,,,,,,,,,,,,,,,
Tamil Nadu,Kancheepuram,,,,,,,,,,,,,,,,,,,,
Tamil Nadu,Kanniyakumari,,,,,,,,,,,,,,,,,,,,
Tamil Nadu,Karur,,,,,,,,,,,,,,,,,,,,
Tamil Nadu,Krishnagiri,,,,,,,,,,,,,,,,,,,,
Tamil Nadu,Madurai,,,,,,,,,,,,,,,,,,,,
Tamil Nadu,Nagapattinam,,,,,,,,,,,,,,,,,,,,
Tamil Nadu,Namakkal,,,,,,,,,,,,,,,,,,,,
Tamil Nadu,Perambalur,,,,,,,,,,,,,,,,,,,,
Tamil Nadu,Pudukkottai,,,,,,,,,,,,,,,,,,,,
Tamil Nadu,Ramanathapuram,,,,,,,,,,,,,,,,,,,,
Tamil Nadu,Salem,,,,,,,,,,,,,,,,,,,,
Tamil Nadu,Sivaganga,,,,,,,,,,,,,,,,,,,,
Tamil Nadu,Thanjavur,,,,,,,,,,,,,,,,,,,,
Tamil Nadu,The Nilgiris,,,,,,,,,,,,,,,,,,,,
Tamil Nadu,Theni,,,,,,,,,,,,,,,,,,,,
Tamil Nadu,Thiruvallur,,,,,,,,,,,,,,,,,,,,
Tamil Nadu,Thiruvarur,,,,,,,,,,,,,,,,,,,,
Tamil Nadu,Thoothukkudi,,,,,,,,,,,,,,,,,,,,
Tamil Nadu,Tiruchirappalli,,,,,,,,,,,,,,,,,,,,
Tamil Nadu,Tirunelveli,,,,,,,,,,,,,,,,,,,,
Tamil Nadu,Tiruppur,,,,,,,,,,,,,,,,,,,,
Tamil Nadu,Tiruvannamalai,,,,,,,,,,,,,,,,,,,,
Tamil Nadu,Vellore,,,,,,,,,,,,,,,,,,,,
Tamil Nadu,Viluppuram,,,,,,,,,,,,,,,,,,,,
Tamil Nadu,Virudhunagar,,,,,,,,,,,,,,,,,,,,
Telangana,Adilabad,,,,,,,,,,,,,,,,,,,,
Telangana,Bhadradri Kothagudem,,,,,,,,,,,,,,,,,,,,
Telangana,Hyderabad,,,,,,,,,,,,,,,,,,,,
Telangana,Jagitial,,,,,,,,,,,,,,,,,,,,
Telangana,Jangoan,,,,,,,,,,,,,,,,,,,,
Telangana,Jayashankar Bhupalapally,,,,,,,,,,,,,,,,,,,,
Telangana,Jogulamba Gadwal,,,,,,,,,,,,,,,,,,,,
Telangana,Kamareddy,,,,,,,,,,,,,,,,,,,,
Telangana,Karimnagar,,,,,,,,,,,,,,,,,,,,
Telangana,Khammam,,,,,,,,,,,,,,,,,,,,
Telangana,Komaram Bheem Asifabad,,,,,,,,,,,,,,,,,,,,
Telangana,Mahabubabad,,,,,,,,,,,,,,,,,,,,
Telangana,Mahabubnagar,,,,,,,,,,,,,,,,,,,,
Telangana,Mancherial,,,,,,,,,,,,,,,,,,,,
Telangana,Medak,,,,,,,,,,,,,,,,,,,,
Telangana,Medchal-Malkajgiri,,,,,,,,,,,,,,,,,,,,
Telangana,Nagarkurnool,,,,,,,,,,,,,,,,,,,,
Telangana,Nalgonda,,,,,,,,,,,,,,,,,,,,
Telangana,Nirmal,,,,,,,,,,,,,,,,,,,,
Telangana,Nizamabad,,,,,,,,,,,,,,,,,,,,
Telangana,Peddapalli,,,,,,,,,,,,,,,,,,,,
Telangana,Rajanna Sircilla,,,,,,,,,,,,,,,,,,,,
Telangana,Ranga Reddy,,,,,,,,,,,,,,,,,,,,
Telangana,Sangareddy,,,,,,,,,,,,,,,,,,,,
Telangana,Siddipet,,,,,,,,,,,,,,,,,,,,
Telangana,Suryapet,,,,,,,,,,,,,,,,,,,,
Telangana,Vikarabad,,,,,,,,,,,,,,,,,,,,
Telangana,Wanaparthy,,,,,,,,,,,,,,,,,,,,
Telangana,Warangal Rural,,,,,,,,,,,,,,,,,,,,
Telangana,Warangal Urban,,,,,,,,,,,,,,,,,,,,
Telangana,Yadadri Bhuvanagiri,,,,,,,,,,,,,,,,,,,,
Tripura,Dhalai,,,,,,,,,,,,,,,,,,,,
Tripura,Gomati,,,,,,,,,,,,,,,,,,,,
Tripura,Khowai,,,,,,,,,,,,,,,,,,,,
Tripura,North Tripura,,,,,,,,,,,,,,,,,,,,
Tripura,Sepahijala,,,,,,,,,,,,,,,,,,,,
Tripura,South Tripura,,,,,,,,,,,,,,,,,,,,
Tripura,Unakoti,,,,,,,,,,,,,,,,,,,,
Tripura,West Tripura,,,,,,,,,,,,,,,,,,,,
Uttarakhand,Almora,,,,,,,,,,,,,,,,,,,,
Uttarakhand,Bageshwar,,,,,,,,,,,,,,,,,,,,
Uttarakhand,Chamoli,,,,,,,,,,,,,,,,,,,,
Uttarakhand,Champawat,,,,,,,,,,,,,,,,,,,,
Uttarakhand,Dehradun,,,,,,,,,,,,,,,,,,,,
Uttarakhand,Hardwar,,,,,,,,,,,,,,,,,,,,
Uttarakhand,Nainital,,,,,,,,,,,,,,,,,,,,
Uttarakhand,Pauri Garhwal,,,,,,,,,,,,,,,,,,,,
Uttarakhand,Pithoragarh,,,,,,,,,,,,,,,,,,,,
Uttarakhand,Rudraprayag,,,,,,,,,,,,,,,,,,,,
Uttarakhand,Tehri Garhwal,,,,,,,,,,,,,,,,,,,,
Uttarakhand,Udham Singh Nagar,,,,,,,,,,,,,,,,,,,,
Uttarakhand,Uttarkashi,,,,,,,,,,,,,,,,,,,,
West Bengal,Bankura,,,,,,,,,,,,,,,,,,,,
West Bengal,Birbhum,,,,,,,,,,,,,,,,,,,,
West Bengal,Dakshin Dinajpur,,,,,,,,,,,,,,,,,,,,
West Bengal,Darjeeling,,,,,,,,,,,,,,,,,,,,
West Bengal,Haora,,,,,,,,,,,,,,,,,,,,
West Bengal,Hugli,,,,,,,,,,,,,,,,,,,,
West Bengal,Jalpaiguri,,,,,,,,,,,,,,,,,,,,
West Bengal,Koch Bihar,,,,,,,,,,,,,,,,,,,,
West Bengal,Kolkata,,,,,,,,,,,,,,,,,,,,
West Bengal,Maldah,,,,,,,,,,,,,,,,,,,,
West Bengal,Murshidabad,,,,,,,,,,,,,,,,,,,,
West Bengal,Nadia,,,,,,,,,,,,,,,,,,,,
West Bengal,North Twenty Four Parganas,,,,,,,,,,,,,,,,,,,,
West Bengal,Paschim Barddhaman,,,,,,,,,,,,,,,,,,,,
West Bengal,Paschim Medinipur,,,,,,,,,,,,,,,,,,,,
West Bengal,Purba Barddhaman,,,,,,,,,,,,,,,,,,,,
West Bengal,Purba Medinipur,,,,,,,,,,,,,,,,,,,,
West Bengal,Puruliya,,,,,,,,,,,,,,,,,,,,
West Bengal,South Twenty Four Parganas,,,,,,,,,,,,,,,,,,,,
West Bengal,Uttar Dinajpur,,,,,,,,,,,,,,,,,,,,
Himachal Pradesh,Bilaspur,,,,,,,,,,,,,,,,,,,,
Himachal Pradesh,Chamba,,,,,,,,,,,,,,,,,,,,
Himachal Pradesh,Hamirpur,,,,,,,,,,,,,,,,,,,,
Himachal Pradesh,Kangra,,,,,,,,,,,,,,,,,,,,
Himachal Pradesh,Kinnaur,,,,,,,,,,,,,,,,,,,,
Himachal Pradesh,Kullu,,,,,,,,,,,,,,,,,,,,
Himachal Pradesh,Lahul and Spiti,,,,,,,,,,,,,,,,,,,,
Himachal Pradesh,Mandi,,,,,,,,,,,,,,,,,,,,
Himachal Pradesh,Shimla,,,,,,,,,,,,,,,,,,,,
Himachal Pradesh,Sirmaur,,,,,,,,,,,,,,,,,,,,
Himachal Pradesh,Solan,,,,,,,,,,,,,,,,,,,,
Himachal Pradesh,Una,,,,,,,,,,,,,,,,,,,,
Madhya Pradesh,Agar Malwa,,,,,,,,,,,,,,,,,,,,
Madhya Pradesh,Alirajpur,,,,,,,,,,,,,,,,,,,,
Madhya Pradesh,Anuppur,,,,,,,,,,,,,,,,,,,,
Madhya Pradesh,Ashoknagar,,,,,,,,,,,,,,,,,,,,
Madhya Pradesh,Balaghat,,,,,,,,,,,,,,,,,,,,
Madhya Pradesh,Barwani,,,,,,,,,,,,,,,,,,,,
Madhya Pradesh,Betul,,,,,,,,,,,,,,,,,,,,
Madhya Pradesh,Bhind,,,,,,,,,,,,,,,,,,,,
Madhya Pradesh,Bhopal,,,,,,,,,,,,,,,,,,,,
Madhya Pradesh,Burhanpur,,,,,,,,,,,,,,,,,,,,
Madhya Pradesh,Chhatarpur,,,,,,,,,,,,,,,,,,,,
Madhya Pradesh,Chhindwara,,,,,,,,,,,,,,,,,,,,
Madhya Pradesh,Damoh,,,,,,,,,,,,,,,,,,,,
Madhya Pradesh,Datia,,,,,,,,,,,,,,,,,,,,
Madhya Pradesh,Dewas,,,,,,,,,,,,,,,,,,,,
Madhya Pradesh,Dhar,,,,,,,,,,,,,,,,,,,,
Madhya Pradesh,Dindori,,,,,,,,,,,,,,,,,,,,
Madhya Pradesh,Guna,,,,,,,,,,,,,,,,,,,,
Madhya Pradesh,Gwalior,,,,,,,,,,,,,,,,,,,,
Madhya Pradesh,Harda,,,,,,,,,,,,,,,,,,,,
Madhya Pradesh,Hoshangabad,,,,,,,,,,,,,,,,,,,,
Madhya Pradesh,Indore,,,,,,,,,,,,,,,,,,,,
Madhya Pradesh,Jabalpur,,,,,,,,,,,,,,,,,,,,
Madhya Pradesh,Jhabua,,,,,,,,,,,,,,,,,,,,
Madhya Pradesh,Katni,,,,,,,,,,,,,,,,,,,,
Madhya Pradesh,Khandwa (East Nimar),,,,,,,,,,,,,,,,,,,,
Madhya Pradesh,Khargone (West Nimar),,,,,,,,,,,,,,,,,,,,
Madhya Pradesh,Mandla,,,,,,,,,,,,,,,,,,,,
Madhya Pradesh,Mandsaur,,,,,,,,,,,,,,,,,,,,
Madhya Pradesh,Morena,,,,,,,,,,,,,,,,,,,,
Madhya Pradesh,Narsimhapur,,,,,,,,,,,,,,,,,,,,
Madhya Pradesh,Neemuch,,,,,,,,,,,,,,,,,,,,
Madhya Pradesh,Panna,,,,,,,,,,,,,,,,,,,,
Madhya Pradesh,Raisen,,,,,,,,,,,,,,,,,,,,
Madhya Pradesh,Rajgarh,,,,,,,,,,,,,,,,,,,,
Madhya Pradesh,Ratlam,,,,,,,,,,,,,,,,,,,,
Madhya Pradesh,Rewa,,,,,,,,,,,,,,,,,,,,
Madhya Pradesh,Sagar,,,,,,,,,,,,,,,,,,,,
Madhya Pradesh,Satna,,,,,,,,,,,,,,,,,,,,
Madhya Pradesh,Sehore,,,,,,,,,,,,,,,,,,,,
Madhya Pradesh,Seoni,,,,,,,,,,,,,,,,,,,,
Madhya Pradesh,Shahdol,,,,,,,,,,,,,,,,,,,,
Madhya Pradesh,Shajapur,,,,,,,,,,,,,,,,,,,,
Madhya Pradesh,Sheopur,,,,,,,,,,,,,,,,,,,,
Madhya Pradesh,Shivpuri,,,,,,,,,,,,,,,,,,,,
Madhya Pradesh,Sidhi,,,,,,,,,,,,,,,,,,,,
Madhya Pradesh,Singrauli,,,,,,,,,,,,,,,,,,,,
Madhya Pradesh,Tikamgarh,,,,,,,,,,,,,,,,,,,,
Madhya Pradesh,Ujjain,,,,,,,,,,,,,,,,,,,,
Madhya Pradesh,Umaria,,,,,,,,,,,,,,,,,,,,
Madhya Pradesh,Vidisha,,,,,,,,,,,,,,,,,,,,
NCT Delhi,Central,,,,,,,,,,,,,,,,,,,,
NCT Delhi,East,,,,,,,,,,,,,,,,,,,,
NCT Delhi,New Delhi,,,,,,,,,,,,,,,,,,,,
NCT Delhi,North,,,,,,,,,,,,,,,,,,,,
NCT Delhi,North East,,,,,,,,,,,,,,,,,,,,
NCT Delhi,North West,,,,,,,,,,,,,,,,,,,,
NCT Delhi,Shahdara,,,,,,,,,,,,,,,,,,,,
NCT Delhi,South,,,,,,,,,,,,,,,,,,,,
NCT Delhi,South East,,,,,,,,,,,,,,,,,,,,
NCT Delhi,South West,,,,,,,,,,,,,,,,,,,,
NCT Delhi,West,,,,,,,,,,,,,,,,,,,,
Rajasthan,Ajmer,,,,,,,,,,,,,,,,,,,,
Rajasthan,Alwar,,,,,,,,,,,,,,,,,,,,
Rajasthan,Banswara,,,,,,,,,,,,,,,,,,,,
Rajasthan,Baran,,,,,,,,,,,,,,,,,,,,
Rajasthan,Barmer,,,,,,,,,,,,,,,,,,,,
Rajasthan,Bharatpur,,,,,,,,,,,,,,,,,,,,
Rajasthan,Bhilwara,,,,,,,,,,,,,,,,,,,,
Rajasthan,Bikaner,,,,,,,,,,,,,,,,,,,,
Rajasthan,Bundi,,,,,,,,,,,,,,,,,,,,
Rajasthan,Chittaurgarh,,,,,,,,,,,,,,,,,,,,
Rajasthan,Churu,,,,,,,,,,,,,,,,,,,,
Rajasthan,Dausa,,,,,,,,,,,,,,,,,,,,
Rajasthan,Dhaulpur,,,,,,,,,,,,,,,,,,,,
Rajasthan,Dungarpur,,,,,,,,,,,,,,,,,,,,
Rajasthan,Ganganagar,,,,,,,,,,,,,,,,,,,,
Rajasthan,Hanumangarh,,,,,,,,,,,,,,,,,,,,
Rajasthan,Jaipur,,,,,,,,,,,,,,,,,,,,
Rajasthan,Jaisalmer,,,,,,,,,,,,,,,,,,,,
Rajasthan,Jalor,,,,,,,,,,,,,,,,,,,,
Rajasthan,Jhalawar,,,,,,,,,,,,,,,,,,,,
Rajasthan,Jhunjhunun,,,,,,,,,,,,,,,,,,,,
Rajasthan,Jodhpur,,,,,,,,,,,,,,,,,,,,
Rajasthan,Karauli,,,,,,,,,,,,,,,,,,,,
Rajasthan,Kota,,,,,,,,,,,,,,,,,,,,
Rajasthan,Nagaur,,,,,,,,,,,,,,,,,,,,
Rajasthan,Pali,,,,,,,,,,,,,,,,,,,,
Rajasthan,Pratapgarh,,,,,,,,,,,,,,,,,,,,
Rajasthan,Rajsamand,,,,,,,,,,,,,,,,,,,,
Rajasthan,Sawai Madhopur,,,,,,,,,,,,,,,,,,,,
Rajasthan,Sikar,,,,,,,,,,,,,,,,,,,,
Rajasthan,Sirohi,,,,,,,,,,,,,,,,,,,,
Rajasthan,Tonk,,,,,,,,,,,,,,,,,,,,
Rajasthan,Udaipur,,,,,,,,,,,,,,,,,,,,
Uttar Pradesh,Agra,,,,,,,,,,,,,,,,,,,,
Uttar Pradesh,Aligarh,,,,,,,,,,,,,,,,,,,,
Uttar Pradesh,Ambedkar Nagar,,,,,,,,,,,,,,,,,,,,
Uttar Pradesh,Amethi,,,,,,,,,,,,,,,,,,,,
Uttar Pradesh,Auraiya,,,,,,,,,,,,,,,,,,,,
Uttar Pradesh,Azamgarh,,,,,,,,,,,,,,,,,,,,
Uttar Pradesh,Baghpat,,,,,,,,,,,,,,,,,,,,
Uttar Pradesh,Bahraich,,,,,,,,,,,,,,,,,,,,
Uttar Pradesh,Ballia,,,,,,,,,,,,,,,,,,,,
Uttar Pradesh,Balrampur,,,,,,,,,,,,,,,,,,,,
Uttar Pradesh,Banda,,,,,,,,,,,,,,,,,,,,
Uttar Pradesh,Bara Banki,,,,,,,,,,,,,,,,,,,,
Uttar Pradesh,Bareilly,,,,,,,,,,,,,,,,,,,,
Uttar Pradesh,Basti,,,,,,,,,,,,,,,,,,,,
Uttar Pradesh,Bijnor,,,,,,,,,,,,,,,,,,,,
Uttar Pradesh,Budaun,,,,,,,,,,,,,,,,,,,,
Uttar Pradesh,Bulandshahr,,,,,,,,,,,,,,,,,,,,
Uttar Pradesh,Chandauli,,,,,,,,,,,,,,,,,,,,
Uttar Pradesh,Chitrakoot,,,,,,,,,,,,,,,,,,,,
Uttar Pradesh,Deoria,,,,,,,,,,,,,,,,,,,,
Uttar Pradesh,Etah,,,,,,,,,,,,,,,,,,,,
Uttar Pradesh,Etawah,,,,,,,,,,,,,,,,,,,,
Uttar Pradesh,Faizabad,,,,,,,,,,,,,,,,,,,,
Uttar Pradesh,Farrukhabad,,,,,,,,,,,,,,,,,,,,
Uttar Pradesh,Fatehpur,,,,,,,,,,,,,,,,,,,,
Uttar Pradesh,Firozabad,,,,,,,,,,,,,,,,,,,,
Uttar Pradesh,Gautam Buddha Nagar,,,,,,,,,,,,,,,,,,,,
Uttar Pradesh,Ghaziabad,,,,,,,,,,,,,,,,,,,,
Uttar Pradesh,Ghazipur,,,,,,,,,,,,,,,,,,,,
Uttar Pradesh,Gonda,,,,,,,,,,,,,,,,,,,,
Uttar Pradesh,Gorakhpur,,,,,,,,,,,,,,,,,,,,
Uttar Pradesh,Hamirpur,,,,,,,,,,,,,,,,,,,,
Uttar Pradesh,Hapur,,,,,,,,,,,,,,,,,,,,
Uttar Pradesh,Hardoi,,,,,,,,,,,,,,,,,,,,
Uttar Pradesh,Jalaun,,,,,,,,,,,,,,,,,,,,
Uttar Pradesh,Jaunpur,,,,,,,,,,,,,,,,,,,,
Uttar Pradesh,Jhansi,,,,,,,,,,,,,,,,,,,,
Uttar Pradesh,Jyotiba Phule Nagar,,,,,,,,,,,,,,,,,,,,
Uttar Pradesh,Kannauj,,,,,,,,,,,,,,,,,,,,
Uttar Pradesh,Kanpur Dehat,,,,,,,,,,,,,,,,,,,,
Uttar Pradesh,Kanpur Nagar,,,,,,,,,,,,,,,,,,,,
Uttar Pradesh,Kanshiram Nagar,,,,,,,,,,,,,,,,,,,,
Uttar Pradesh,Kaushambi,,,,,,,,,,,,,,,,,,,,
Uttar Pradesh,Kheri,,,,,,,,,,,,,,,,,,,,
Uttar Pradesh,Kushinagar,,,,,,,,,,,,,,,,,,,,
Uttar Pradesh,Lalitpur,,,,,,,,,,,,,,,,,,,,
Uttar Pradesh,Lucknow,,,,,,,,,,,,,,,,,,,,
Uttar Pradesh,Mahamaya Nagar,,,,,,,,,,,,,,,,,,,,
Uttar Pradesh,Mahoba,,,,,,,,,,,,,,,,,,,,
Uttar Pradesh,Mahrajganj,,,,,,,,,,,,,,,,,,,,
Uttar Pradesh,Mainpuri,,,,,,,,,,,,,,,,,,,,
Uttar Pradesh,Mathura,,,,,,,,,,,,,,,,,,,,
Uttar Pradesh,Mau,,,,,,,,,,,,,,,,,,,,
Uttar Pradesh,Meerut,,,,,,,,,,,,,,,,,,,,
Uttar Pradesh,Mirzapur,,,,,,,,,,,,,,,,,,,,
Uttar Pradesh,Moradabad,,,,,,,,,,,,,,,,,,,,
Uttar Pradesh,Muzaffarnagar,,,,,,,,,,,,,,,,,,,,
Uttar Pradesh,Pilibhit,,,,,,,,,,,,,,,,,,,,
Uttar Pradesh,Pratapgarh,,,,,,,,,,,,,,,,,,,,
Uttar Pradesh,Prayagraj,,,,,,,,,,,,,,,,,,,,
Uttar Pradesh,Rae Bareli,,,,,,,,,,,,,,,,,,,,
Uttar Pradesh,Rampur,,,,,,,,,,,,,,,,,,,,
Uttar Pradesh,Saharanpur,,,,,,,,,,,,,,,,,,,,
Uttar Pradesh,Sambhal,,,,,,,,,,,,,,,,,,,,
Uttar Pradesh,Sant Kabir Nagar,,,,,,,,,,,,,,,,,,,,
Uttar Pradesh,Sant Ravidas Nagar (Bhadohi),,,,,,,,,,,,,,,,,,,,
Uttar Pradesh,Shahjahanpur,,,,,,,,,,,,,,,,,,,,
Uttar Pradesh,Shamli,,,,,,,,,,,,,,,,,,,,
Uttar Pradesh,Shrawasti,,,,,,,,,,,,,,,,,,,,
Uttar Pradesh,Siddharthnagar,,,,,,,,,,,,,,,,,,,,
Uttar Pradesh,Sitapur,,,,,,,,,,,,,,,,,,,,
Uttar Pradesh,Sonbhadra,,,,,,,,,,,,,,,,,,,,
Uttar Pradesh,Sultanpur,,,,,,,,,,,,,,,,,,,,
Uttar Pradesh,Unnao,,,,,,,,,,,,,,,,,,,,
Uttar Pradesh,Varanasi,,,,,,,,,,,,,,,,,,,,
Andhra Pradesh,Adilabad,,,,,,,,,,,,,,,,,,,,
Andhra Pradesh,Godavari East,,,,,,,,,,,,,,,,,,,,
Andhra Pradesh,Godavari West,,,,,,,,,,,,,,,,,,,,
Andhra Pradesh,Hyderabad,,,,,,,,,,,,,,,,,,,,
Andhra Pradesh,Kadapa,,,,,,,,,,,,,,,,,,,,
Andhra Pradesh,Karimnagar,,,,,,,,,,,,,,,,,,,,
Andhra Pradesh,Khammam,,,,,,,,,,,,,,,,,,,,
Andhra Pradesh,Mahabubnagar,,,,,,,,,,,,,,,,,,,,
Andhra Pradesh,Medak,,,,,,,,,,,,,,,,,,,,
Andhra Pradesh,Nalgonda,,,,,,,,,,,,,,,,,,,,
Andhra Pradesh,Nellore,,,,,,,,,,,,,,,,,,,,
Andhra Pradesh,Nizambad,,,,,,,,,,,,,,,,,,,,
Andhra Pradesh,Rangareddy,,,,,,,,,,,,,,,,,,,,
Andhra Pradesh,Visakapatnam,,,,,,,,,,,,,,,,,,,,
Andhra Pradesh,Warangal,,,,,,,,,,,,,,,,,,,,
Assam,Kamrup (Metropolitan),,,,,,,,,,,,,,,,,,,,
Assam,Kamrup Rural,,,,,,,,,,,,,,,,,,,,
Assam,Karbi-Anglong,,,,,,,,,,,,,,,,,,,,
Bihar,Bhabhua,,,,,,,,,,,,,,,,,,,,
Bihar,Buxar,,,,,,,,,,,,,,,,,,,,
Bihar,East Champaran,,,,,,,,,,,,,,,,,,,,
Bihar,Gopalgang,,,,,,,,,,,,,,,,,,,,
Bihar,Kishangang,,,,,,,,,,,,,,,,,,,,
Bihar,Purnea,,,,,,,,,,,,,,,,,,,,
Bihar,Samstipur,,,,,,,,,,,,,,,,,,,,
Bihar,Shekhpura,,,,,,,,,,,,,,,,,,,,
Bihar,West Champaran,,,,,,,,,,,,,,,,,,,,
Karnataka,Bagalkote,,,,,,,,,,,,,,,,,,,,
Karnataka,Bangalore Urban,,,,,,,,,,,,,,,,,,,,
Karnataka,Chickballapur,,,,,,,,,,,,,,,,,,,,
Karnataka,Chickmagalur,,,,,,,,,,,,,,,,,,,,
Karnataka,Davangere,,,,,,,,,,,,,,,,,,,,
Karnataka,Ramnagara,,,,,,,,,,,,,,,,,,,,
Karnataka,Uttara Kannads,,,,,,,,,,,,,,,,,,,,
Karnataka,Yadagiri,,,,,,,,,,,,,,,,,,,,
Kerala,Eranakulam,,,,,,,,,,,,,,,,,,,,
Maharashtra,Ahmednagar,,,,,,,,,,,,,,,,,,,,
Maharashtra,Beed,,,,,,,,,,,,,,,,,,,,
Maharashtra,Buldhana,,,,,,,,,,,,,,,,,,,,
Maharashtra,Gondia,,,,,,,,,,,,,,,,,,,,
Maharashtra,Raigad,,,,,,,,,,,,,,,,,,,,
Maharashtra,Wahim,,,,,,,,,,,,,,,,,,,,
Odisha,Angul,,,,,,,,,,,,,,,,,,,,
Odisha,Balasore,,,,,,,,,,,,,,,,,,,,
Odisha,Boudh,,,,,,,,,,,,,,,,,,,,
Odisha,Deogarh,,,,,,,,,,,,,,,,,,,,
Odisha,Jagatsinghpur,,,,,,,,,,,,,,,,,,,,
Odisha,Jajpur,,,,,,,,,,,,,,,,,,,,
Odisha,Nabarangpur,,,,,,,,,,,,,,,,,,,,
Odisha,Nayargarh,,,,,,,,,,,,,,,,,,,,
Punjab,Firozepur,,,,,,,,,,,,,,,,,,,,
Punjab,Roopnagar,,,,,,,,,,,,,,,,,,,,
Punjab,Taran Tarn,,,,,,,,,,,,,,,,,,,,
Uttar Pradesh,Allahabad,,,,,,,,,,,,,,,,,,,,
Uttar Pradesh,Amorha,,,,,,,,,,,,,,,,,,,,
Uttar Pradesh,Auraiyya,,,,,,,,,,,,,,,,,,,,
Uttar Pradesh,Badaun,,,,,,,,,,,,,,,,,,,,
Uttar Pradesh,Bagpat,,,,,,,,,,,,,,,,,,,,
Uttar Pradesh,Barabanki,,,,,,,,,,,,,,,,,,,,
Uttar Pradesh,Buland Shahar,,,,,,,,,,,,,,,,,,,,
Uttar Pradesh,Gautambudh nagar,,,,,,,,,,,,,,,,,,,,
Uttar Pradesh,Hathras,,,,,,,,,,,,,,,,,,,,
Uttar Pradesh,Kushi Nagar,,,,,,,,,,,,,,,,,,,,
Uttar Pradesh,Maharaj Ganj,,,,,,,,,,,,,,,,,,,,
Uttar Pradesh,Pratap Garh,,,,,,,,,,,,,,,,,,,,
Uttar Pradesh,Sant kabeer Maharaj Ganj,,,,,,,,,,,,,,,,,,,,
Uttar Pradesh,Sant Ravi Das Nagar,,,,,,,,,,,,,,,,,,,,
Uttar Pradesh,Shravasti,,,,,,,,,,,,,,,,,,,,
Uttar Pradesh,Siddharth Nagar,,,,,,,,,,,,,,,,,,,,
West Bengal,24-Parganas (North),,,,,,,,,,,,,,,,,,,,
West Bengal,24-Parganas (South),,,,,,,,,,,,,,,,,,,,
West Bengal,Burdwan,,,,,,,,,,,,,,,,,,,,
West Bengal,Cooch Behar,,,,,,,,,,,,,,,,,,,,
West Bengal,Hooghly,,,,,,,,,,,,,,,,,,,,
West Bengal,Howrah,,,,,,,,,,,,,,,,,,,,
West Bengal,Malda,,,,,,,,,,,,,,,,,,,,
West Bengal,Midnapore East,,,,,,,,,,,,,,,,,,,,
West Bengal,Midnapore West,,,,,,,,,,,,,,,,,,,,
West Bengal,Purulia,,,,,,,,,,,,,,,,,,,,
